{
  "weapons": [
    {
      "id": "sword",
      "name": "Sword",
      "desc": "A sharp looking sword.",
      "damage": 10
    },
    {
      "id": "axe",
      "name": "Axe",
      "desc": "A heavy axe.",
      "damage": 15
    },
    {
      "id": "3",
      "name": "knife",
      "desc": "sharp owey",
      "damage": 10
    },
    {
      "id": "1",
      "name": "pipe",
      "desc": "rusty",
      "damage": 10
    },
    {
      "id": "spoon",
      "name": "spoon",
      "desc": "very large",
      "damage": 10
    }
  
  ]
}