{
  "startRoom": "hall",
  "rooms": [
    {
      "id": "hall",
      "name": "Entrance Hall",
      "desc": "A grand hall with a locked door to the north.",
      "exits": {
        "north": "foyer",
        "east": "Basement"
      },
      "items": [
        "lantern",
        "key",
        "boots",
        "gloves",
        "lighter"
      ],
      "weapons": [
        "sword",
        "axe",
        "spoon"
      ],
      "locks": [
        {
          "exit": "north",
          "requires": "key",
          "message": "The door is locked. A keyhole glints."
        },
        {
          "exit": "east",
          "requires": "lantern",
          "message": "Its locked! You need light to see the lock"
        }
      ],
      "triggers": [
        {
          "on": "use key on north",
          "effects": [
            {
              "type": "unlock",
              "exit": "north"
            },
            {
              "type": "say",
              "text": "You hear a click. The door unlocks."
            }
          ]
        },
        {
          "on": "use lantern on east",
          "effects": [
            {
              "type": "unlock",
              "exit": "east"
            }
          ]
        },
        {
          "on": "use key on south",
          "effects": [
            {
              "type": "say",
              "text": "there is nothing there stupid"
            }
          ]
        }
      ]
    },
    {
      "id": "foyer",
      "name": "Foyer",
      "desc": "Dusty portraits stare back.",
      "exits": {
        "south": "hall",
        "east": "cellar"
      },
      "items": []
    },
    {
      "id": "cellar",
      "name": "Cellar",
      "desc": "Damp and cold.",
      "exits": {
        "west": "foyer",
        "north": "Basement"
      },
      "items": [
        "key"
      ]
    },
    {
      "id": "Basement",
      "name": "Basement",
      "desc": "Damp and cold",
      "exits": {
        "south": "cellar"
      },
      "items": [
        "lamp",
        "key",
        "wallet"
      ],
      "locks": [
        {
          "exit": "south",
          "requires": "key",
          "message": "Door is locked needs key"
        }
      ],
      "triggers": [
        {
          "on": "use key on south",
          "effects": [
            {
              "type": "unlock",
              "exit": "south"
            },
            {
              "type": "yay i opened it"
            }
          ]
        }
      ]
    },
    {
      "id": "bathroom",
      "name": "Bathroom",
      "desc": "Its cramped in here",
      "exits": {
        "north": "hall"
      },
      "items": [
        "paper towels",
        "toilet paper",
        "tooth brush"
      ],
      "locks": [],
      "triggers": []
    },
    {
      "id": "closet",
      "name": "Closet",
      "desc": "Dusty and cramped",
      "exits": {
        "west": "hall"
      },
      "items": [
        "simple key",
        "dirty sock"
      ],
      "locks": [],
      "triggers": []
    }
  ]
}